Champ,"Objet / Onglet","Sens du flux","API Name (source)","Data Type (source)",Required,"Values (Picklist, Formula)","A interfacer",Synchro,"Cible existante","Field Label (cible)","API Name (cible)",Commentaires
"Code (tiers)","Comptes-Salesforce vers Codial","Salesforce => Codial",,,false,,"✅ Oui",,"Champ existant",Code,,
NIC,"Comptes - Codial vers Salesforce","Codial => Salesforce",IL_SIREN,Text,false,,"❌ Non",Création/Modification,"Champ existant",SIREN,NIC__c,"5 derniers chiffres du SIREN"
"Encours client AdLucem® Matières","Comptes - Codial vers Salesforce","Codial => Salesforce",,Currency,false,,"❌ Non",Création/Modification,"Champ existant","FP CLIENT",Encours_client_Matieres__c,
"Segment client","Comptes - Codial vers Salesforce","Codial => Salesforce",,"Picklist (Multi-Select)",false,Matières;Création,"❌ Non",Création/Modification,"Champ existant","FP CLIENT",Segment_client__c,
"Produits utilisés","Comptes - Codial vers Salesforce","Codial => Salesforce",,"Picklist (Multi-Select)",false,LucemChoc®;Terrazzo,"❌ Non",Création/Modification,"Champ existant","FP CLIENT",Produits_utilises__c,
"Appartenance client","Comptes - Codial vers Salesforce","Codial => Salesforce",,Picklist,false,"AdLucem®;AdLucem Création®","❌ Non",Création/Modification,"Champ existant","FP CLIENT",Appartenance_client__c,
"Nom d'expédition","Comptes - Codial vers Salesforce","Codial => Salesforce",TE4,Text,false,,"❌ Non",Création/Modification,"Champ existant","Nom Livraison",Nom_d_expedition__c,
"Mode de règlement","Comptes - Codial vers Salesforce","Codial => Salesforce",RGLT,Picklist,false,,"✅ Oui",Création/Modification,"Champ à modifier","Mode de règlement",Mode_de_reglement__c,
"Libellé banque","Comptes - Codial vers Salesforce","Codial => Salesforce",TE11,Text,false,,"✅ Oui",Création/Modification,"Champ existant",Domiciliation,Libelle_banque__c,
"Établissement bancaire","Comptes - Codial vers Salesforce","Codial => Salesforce",,Text,false,,"❌ Non",Création/Modification,"Champ existant",,Etablissement_bancaire__c,
RIB,"Comptes - Codial vers Salesforce","Codial => Salesforce",,Text,false,,"❌ Non",Création/Modification,"Champ existant",,RIB__c,
IBAN,"Comptes - Codial vers Salesforce","Codial => Salesforce",IBAN,Text,false,,"✅ Oui",Création/Modification,"Champ existant",IBAN,IBAN__c,
BIC,"Comptes - Codial vers Salesforce","Codial => Salesforce",BIC,Text,false,,"✅ Oui",Création/Modification,"Champ existant",BIC,BIC__c,
SIREN,"Comptes - Codial vers Salesforce","Codial => Salesforce",IL_SIREN,Text,false,,"✅ Oui",Création/Modification,"Champ existant",SIREN,SIREN__c,
SIRET,"Comptes - Codial vers Salesforce","Codial => Salesforce",SIRET,Text,false,,"✅ Oui",Création/Modification,"Champ existant",SIRET,SIRET__c,
"Type d'agrément","Comptes - Codial vers Salesforce","Codial => Salesforce",,"Picklist (Multi-Select)",false,"Béton ciré;Terrazzo","❌ Non",Création/Modification,"Champ existant","FP CLIENT",Type_d_agrement__c,
"Code NAF","Comptes - Codial vers Salesforce","Codial => Salesforce",CODE_NAF,Text,false,,"✅ Oui",Création/Modification,"Champ existant","Code NAF",Code_NAF__c,
"N°de TVA intracommunautaire","Comptes - Codial vers Salesforce","Codial => Salesforce",NINTRACOM,Text,false,,"✅ Oui",Création/Modification,"Champ existant","N° TVA Intracommunautaire",N_de_TVA_intracommunautaire__c,
Classification,"Comptes - Codial vers Salesforce","Codial => Salesforce",,Picklist,false,Artisan;EA;Entreprise,"❌ Non",Création/Modification,"Champ existant",,Classification__c,
"Exclusif AdLucem","Comptes - Codial vers Salesforce","Codial => Salesforce",,Picklist,false,,"❌ Non",Création/Modification,"Champ existant",,Exclusif_AdLucem__c,
"Adresse expédition 2 (Rue)","Comptes - Codial vers Salesforce","Codial => Salesforce",,"Text Area",false,,"❌ Non",Création/Modification,"Champ existant",,Adresse_expedition_2__Street__s,"Les adresses de livraison supplémentaires sont stockées dans une table à part il peut y avoir autant d'adresses souhaitées sur un même client"
"Adresse expédition 2 (Ville)","Comptes - Codial vers Salesforce","Codial => Salesforce",,Text,false,,"❌ Non",Création/Modification,"Champ existant",,Adresse_expedition_2__City__s,"Les adresses de livraison supplémentaires sont stockées dans une table à part il peut y avoir autant d'adresses souhaitées sur un même client"
"Adresse expédition 2 (Code postal)","Comptes - Codial vers Salesforce","Codial => Salesforce",,Text,false,,"❌ Non",Création/Modification,"Champ existant",,Adresse_expedition_2__PostalCode__s,"Les adresses de livraison supplémentaires sont stockées dans une table à part il peut y avoir autant d'adresses souhaitées sur un même client"
"Adresse expédition 2","Comptes - Codial vers Salesforce","Codial => Salesforce",,Address,false,,"❌ Non",Création/Modification,"Champ existant",,Adresse_expedition_2__c,"Les adresses de livraison supplémentaires sont stockées dans une table à part il peut y avoir autant d'adresses souhaitées sur un même client"
"Adresse expédition 3 (Rue)","Comptes - Codial vers Salesforce","Codial => Salesforce",,"Text Area",false,,"❌ Non",Création/Modification,"Champ existant",,Adresse_expedition_3__Street__s,"Les adresses de livraison supplémentaires sont stockées dans une table à part il peut y avoir autant d'adresses souhaitées sur un même client"
"Adresse expédition 3 (Ville)","Comptes - Codial vers Salesforce","Codial => Salesforce",,Text,false,,"❌ Non",Création/Modification,"Champ existant",,Adresse_expedition_3__City__s,"Les adresses de livraison supplémentaires sont stockées dans une table à part il peut y avoir autant d'adresses souhaitées sur un même client"
"Adresse expédition 3 (Code postal)","Comptes - Codial vers Salesforce","Codial => Salesforce",,Text,false,,"❌ Non",Création/Modification,"Champ existant",,Adresse_expedition_3__PostalCode__s,"Les adresses de livraison supplémentaires sont stockées dans une table à part il peut y avoir autant d'adresses souhaitées sur un même client"
"Adresse expédition 3","Comptes - Codial vers Salesforce","Codial => Salesforce",,Address,false,,"❌ Non",Création/Modification,"Champ existant",,Adresse_expedition_3__c,"Les adresses de livraison supplémentaires sont stockées dans une table à part il peut y avoir autant d'adresses souhaitées sur un même client"
"Niveau d'agrément","Comptes - Codial vers Salesforce","Codial => Salesforce",,"Picklist (Multi-Select)",false,LucemChoc®;LucemStone®,"❌ Non",Création/Modification,"Champ existant","FP CLIENT",Niveau_d_agrement__c,
"Couverture SFAC AdLucem® Matières","Comptes - Codial vers Salesforce","Codial => Salesforce",,Currency,false,,"❌ Non",Création/Modification,"Champ existant","FP CLIENT",Couverture_SFAC_Matieres__c,
"Statut du compte","Comptes - Codial vers Salesforce","Codial => Salesforce",,Picklist,false,,"❌ Non",Création/Modification,"Champ existant","FP CLIENT",Statut_du_compte__c,
"Système appliqué","Comptes - Codial vers Salesforce","Codial => Salesforce",,"Picklist (Multi-Select)",false,LucemChoc®;LucemStone®,"❌ Non",Création/Modification,"Champ existant","FP CLIENT",Systeme_applique__c,
"Adresse de facturation","Comptes - Codial vers Salesforce","Codial => Salesforce",ADRESSE1,Address,false,,"❌ Non",Création/Modification,"Champ existant","Adresse de facturation",BillingAddress,
Compte,"Projet - Salesforce vers Codial","Salesforce => Codial",Compte__c,"Lookup (Compte)",false,,"✅ Oui",Création/Modification,"Champ existant",Code,CODE,
Devis,"Projet - Salesforce vers Codial","Salesforce => Codial",Opportunit__c,"Lookup (Affaire)",false,,"❌ Non",Création/Modification,"Champ à créer",,"Id de devis Salesforce",
"Statut du projet","Projet - Salesforce vers Codial","Salesforce => Codial",Statut_du_projet__c,Picklist,false,"🔎 Étude;🚧 En cours;✅ Réalisé","❌ Non",Création/Modification,"Champ existant",Statut,"INT_TERMINER + INT_AVANTPROJET",
"Descriptif du projet","Projet - Salesforce vers Codial","Salesforce => Codial",Descriptif_du_projet__c,"Rich Text Area",false,,"✅ Oui",Création/Modification,"Champ existant",Descriptif,DESCRIPTION,
"Code tiers","Comptes - Codial vers Salesforce","Codial => Salesforce",,Numbers,true,,"✅ Oui",Création/Modification,"Champ existant",Code,Code_tiers__c,
"ID du compte","Comptes - Codial vers Salesforce",,,id,true,,"❌ Non",,,"Compte Salesforce external Id",Id,
"Nom du compte","Comptes - Codial vers Salesforce","Codial => Salesforce",,Text,true,,"✅ Oui",Création/Modification,"Champ existant",Nom,Name,
"Type du compte","Comptes - Codial vers Salesforce","Codial => Salesforce",,Picklist,false,"Prospect, Prescripteur;Applicateur;Client;Fournisseur;Autre","❌ Non",Création/Modification,"Champ existant",,Type,
"Rue de facturation","Comptes - Codial vers Salesforce","Codial => Salesforce",adresse_facturation,"Text Area",false,,"✅ Oui",Création/Modification,"Champ existant","Adresse facturation",BillingStreet,
"Ville de facturation","Comptes - Codial vers Salesforce","Codial => Salesforce",VILLE,Text,false,,"✅ Oui",Création/Modification,"Champ existant","Ville de facturation",BillingCity,
"Code postal de facturation","Comptes - Codial vers Salesforce","Codial => Salesforce",COP,Text,false,,"✅ Oui",Création/Modification,"Champ existant","Code postal facturation",BillingPostalCode,
"Pays de facturation","Comptes - Codial vers Salesforce","Codial => Salesforce",CODE_PAYS_FACT,Text,false,,"✅ Oui",Création/Modification,"Champ existant","Pays de facturation",BillingCountry,
ADRESSE2,"Comptes - Codial vers Salesforce","Codial => Salesforce",ADRESSE2,Adress,false,,"❌ Non",,,"Complément adresse Facturation",,
"Litige sur commande ?","Comptes - Codial vers Salesforce",,,Picklist,false,Oui;Non,"❌ Non",,,,Litige_sur_commande__c,
"Rue d'expédition","Comptes - Codial vers Salesforce","Codial => Salesforce",,"Text Area",false,,"❌ Non",Création/Modification,"Champ existant",,ShippingStreet,
"Ville d'expédition","Comptes - Codial vers Salesforce","Codial => Salesforce",TE7,Text,false,,"❌ Non",Création/Modification,"Champ existant","Ville de livraison",ShippingCity,
"Code postal d'expédition","Comptes - Codial vers Salesforce","Codial => Salesforce",TE10,Text,false,,"❌ Non",Création/Modification,"Champ existant","Code postal livraison",ShippingPostalCode,
"Pays d'expédition","Comptes - Codial vers Salesforce","Codial => Salesforce",CODE_PAYS_LIV,Text,false,,"❌ Non",Création/Modification,"Champ existant","Pays d'expédition",ShippingCountry,
"Adresse d'expédition","Comptes - Codial vers Salesforce","Codial => Salesforce",TE5,Address,false,,"❌ Non",Création/Modification,"Champ existant","Adresse de livraison",ShippingAddress,
TE6,"Comptes - Codial vers Salesforce","Codial => Salesforce",TE6,,false,,"❌ Non",,,"Complément Adresse Livraison",,
"N° de téléphone du compte","Comptes - Codial vers Salesforce","Codial => Salesforce",TEL,Phone,false,,"✅ Oui",Création/Modification,"Champ existant",Téléphone,Phone,
"Site Web","Comptes - Codial vers Salesforce","Codial => Salesforce",SITE_WEB,URL,false,,"✅ Oui",Création/Modification,"Champ existant",Site,Website,
Métier,"Comptes - Codial vers Salesforce","Codial => Salesforce",METIER,Picklist,false,,"✅ Oui",Création/Modification,"Champ existant",Métier,Industry,
Employés,"Comptes - Codial vers Salesforce",,,"Integer (0, 0)",false,,"❌ Non",,,,NumberOfEmployees,
Commentaires,"Comptes - Codial vers Salesforce",,COMM,"Long Text Area",false,,"❌ Non",,,Commentaire,Description,
"Date de création","Comptes - Codial vers Salesforce",,DATE_CREATION,Date/Time,true,,"❌ Non",,,"Date de création",CreatedDate,
"Source du compte","Comptes - Codial vers Salesforce",,,Picklist,false,,"❌ Non",,,,AccountSource,
"Niveau de formation","Comptes - Codial vers Salesforce","Codial => Salesforce",,"Picklist (Multi-Select)",false,LucemChoc®;LucemStone®,"✅ Oui",Création/Modification,"Champ existant","FP CLIENT",Niveau_de_formation__c,
"Codial Contact ExternalId","Contacts - Codial vers Salesforce","Codial => Salesforce",,,false,,"✅ Oui",Création/Modification,"Champ à créer",ID_CONTACT,Codial_Contact_External_Id,
"Adresse du projet (Ville)","Projet - Salesforce vers Codial","Salesforce => Codial",Adresse_du_projet__City__s,Text,false,,"✅ Oui",Création/Modification,"Champ existant",Ville,"VILLE CHANTIER",
"Adresse du projet (Rue)","Devis (Opportunités) - Codial vers Salesforce","Codial => Salesforce",ADRESSE,,false,,"✅ Oui",Création/Modification,"Champ existant",Adresse,Adresse_du_chantier__Street__s,
"Statut devis","Devis (Opportunités) - Codial vers Salesforce","Codial => Salesforce",ETATD,,false,,"✅ Oui",Création/Modification,"Champ existant",Statut,Statut_devis__c,"1 = Encours 2 = Sans suite 3 = Refusé 4 = Accepté"
"Générer opportunité ""Matières"" ?","Devis (Opportunités) - Codial vers Salesforce",,,,false,,"❌ Non",,,,G_n_rer_opportunit_Mati_res__c,
"Motif de la perte","Devis (Opportunités) - Codial vers Salesforce","Codial => Salesforce",FA4_CRMMOTIFS_DEVIS,,false,,"❌ Non",Création/Modification,"Champ existant","Motif refus",Motif_de_la_perte__c,
"N°Devis CODIAL","Devis (Opportunités) - Codial vers Salesforce","Codial => Salesforce",NUMCOM,,false,,"✅ Oui",Création/Modification,"Champ existant","Document principal",N_Devis_CODIAL__c,
"Projet associé","Devis (Opportunités) - Codial vers Salesforce","Codial => Salesforce",,,false,,"✅ Oui",Création/Modification,"Champ existant",,Chantier_associe__c,
"Lien du devis CODIAL","Devis (Opportunités) - Codial vers Salesforce","Codial => Salesforce",,,false,,"❌ Non",Création/Modification,"Champ existant",,Lien_du_devis_CODIAL__c,
"Conditions de facturation","Devis (Opportunités) - Codial vers Salesforce","Codial => Salesforce",,,false,,"❌ Non",Création/Modification,"Champ existant",,Conditions_de_facturation__c,"a definir"
"Date d'expiration","Devis (Opportunités) - Codial vers Salesforce","Codial => Salesforce",DRELANCE,,false,,"✅ Oui",Création/Modification,"Champ existant","Date singature previ",Date_d_expiration__c,
Commentaires,"Devis (Opportunités) - Codial vers Salesforce","Codial => Salesforce",SUJET,,false,,"❌ Non",Création/Modification,"Champ existant",Sujet,Commentaires__c,
"Zone d'application","Devis (Opportunités) - Codial vers Salesforce","Codial => Salesforce",,,false,,"❌ Non",Création/Modification,"Champ existant",,Zone_d_application__c,
"Type de création","Devis (Opportunités) - Codial vers Salesforce","Codial => Salesforce",,,false,,"❌ Non",Création/Modification,"Champ existant",,Type_de_creation__c,
"Apporteur d'affaires","Devis (Opportunités) - Codial vers Salesforce",,CODEREP,,false,,"❌ Non",,,Commercial,Apporteur_d_affaires__c,
"Adresse du projet (Ville)","Devis (Opportunités) - Codial vers Salesforce","Codial => Salesforce",VILLE,,false,,"✅ Oui",Création/Modification,"Champ existant",Ville,Adresse_du_chantier__City__s,
"Loss reason","Devis (Opportunités) - Codial vers Salesforce","Codial => Salesforce",,,false,,"❌ Non",Création/Modification,"Champ existant",DOUBLON,Loss_Reason__c,
"Adresse du projet (Code postal)","Devis (Opportunités) - Codial vers Salesforce","Codial => Salesforce",COP,,false,,"✅ Oui",Création/Modification,"Champ existant","Code postal",Adresse_du_chantier__PostalCode__s,
"Adresse du projet","Devis (Opportunités) - Codial vers Salesforce","Codial => Salesforce",ADRESSE1_CHANTIER,,false,,"❌ Non",Création/Modification,"Champ existant","Adresse Livraison",Adresse_du_chantier__c,
"Statut du chantier","Devis (Opportunités) - Codial vers Salesforce","Codial => Salesforce",,,false,,"❌ Non",Création/Modification,"Champ existant",,Statut_du_chantier__c,
"Adresse du projet (Pays/territoire)","Devis (Opportunités) - Codial vers Salesforce","Codial => Salesforce",CODE_PAYS_FACT,,false,,"✅ Oui",Création/Modification,"Champ existant",CODE_PAYS_FACT,Adresse_du_chantier__CountryCode__s,
"Codial projet external Id","Projet - Codial vers Salesforce","Codial => Salesforce",IDCOD_PROJET,,false,,"✅ Oui",Création/Modification,"Champ à créer",,Codial_Projet_External_Id,
"Nom du projet","Projet - Codial vers Salesforce","Codial => Salesforce",NOM,,false,,"✅ Oui",Création/Modification,"Champ existant",NOM,Name,
"Date de création","Projet - Codial vers Salesforce","Codial => Salesforce",DATE_CREATION,,false,,"✅ Oui",Création/Modification,"Champ existant",,CreatedDate,
"Adresse du projet (Rue)","Projet - Codial vers Salesforce","Codial => Salesforce",ADRESSE,,false,,"✅ Oui",Création/Modification,"Champ existant",,Adresse_du_projet__Street__s,
"Adresse du projet (Ville)","Projet - Codial vers Salesforce","Codial => Salesforce",VILLE_CHANTIER,,false,,"✅ Oui",Création/Modification,"Champ existant",,Adresse_du_projet__City__s,
"Adresse du projet (Code postal)","Projet - Codial vers Salesforce","Codial => Salesforce",COP_CHANTIER,,false,,"✅ Oui",Création/Modification,"Champ existant",,Adresse_du_projet__PostalCode__s,
Compte,"Projet - Codial vers Salesforce","Codial => Salesforce",CODE_TIERS,,false,,"✅ Oui",Création/Modification,"Champ existant",,Compte__c,
Devis,"Projet - Codial vers Salesforce","Codial => Salesforce","Id de devis Salesforce",,false,,"❌ Non",Création/Modification,"Champ existant",,Opportunit__c,
"Statut du projet","Projet - Codial vers Salesforce","Codial => Salesforce",,,false,,"❌ Non",Création/Modification,"Champ existant",,Statut_du_projet__c,
"Projet ferme ?","Devis (Opportunités) - Codial vers Salesforce",,,,false,,"❌ Non",,,,Chantier_ferme__c,
Compléxité,"Devis (Opportunités) - Codial vers Salesforce",,,,false,,"❌ Non",,,,Complexite__c,
"ID du contact","Contacts - Codial vers Salesforce","Codial => Salesforce",ID_CONTACT,,false,,"❌ Non",Création,"Champ existant",ID_CONTACT,Id,
"Adresse e-mail","Contacts - Codial vers Salesforce","Codial => Salesforce",EMAIL_CONTACT,,false,,"✅ Oui",Création/Modification,"Champ existant",Email,Email,
"ID du compte","Contacts - Codial vers Salesforce","Codial => Salesforce",CODE,,false,,"✅ Oui",Création/Modification,"Champ existant","Code client",AccountId,
Nom,"Contacts - Codial vers Salesforce","Codial => Salesforce",NOM_CONTACT,,false,,"✅ Oui",Création/Modification,"Champ existant","Nom contact",LastName,
Prénom,"Contacts - Codial vers Salesforce","Codial => Salesforce",NOM_CONTACT,,false,,"✅ Oui",Création/Modification,"Champ existant","Nom contact",FirstName,
Civilité,"Contacts - Codial vers Salesforce","Codial => Salesforce",CIVILITE_CONTACT,,false,Mr.;Mme,"✅ Oui",Création/Modification,"Champ existant",Civilité,Salutation,
"Nom complet","Contacts - Codial vers Salesforce","Codial => Salesforce",NOM_CONTACT,,false,,"❌ Non",Création/Modification,"Champ existant","Nom contact",Name,
Rue,"Contacts - Codial vers Salesforce","Codial => Salesforce",,,false,,"❌ Non",Création/Modification,"Champ existant",,MailingStreet,
Ville,"Contacts - Codial vers Salesforce","Codial => Salesforce",VILLE,,false,,"✅ Oui",Création/Modification,"Champ existant",Ville,MailingCity,
Région/Province,"Contacts - Codial vers Salesforce","Codial => Salesforce",,,false,,"❌ Non",Création/Modification,"Champ existant",,MailingState,
"Code postal","Contacts - Codial vers Salesforce","Codial => Salesforce",,,false,,"❌ Non",Création/Modification,"Champ existant",,MailingPostalCode,
Pays,"Contacts - Codial vers Salesforce","Codial => Salesforce",,,false,,"❌ Non",Création/Modification,"Champ existant",,MailingCountry,
"Téléphone (bureau)","Contacts - Codial vers Salesforce","Codial => Salesforce",TEL_CONTACT,,false,,"✅ Oui",Création/Modification,"Champ existant",Téléphone,Phone,
"Télécopie (bureau)","Contacts - Codial vers Salesforce","Codial => Salesforce",FAX_CONTACT,,false,,"✅ Oui",Création/Modification,"Champ existant",Fax,Fax,
"Téléphone mobile","Contacts - Codial vers Salesforce","Codial => Salesforce",PORT_CONTACT,,false,,"✅ Oui",Création/Modification,"Champ existant",Portable,MobilePhone,
Fonction,"Contacts - Codial vers Salesforce","Codial => Salesforce",FONCTION_CONTACT,,false,,"✅ Oui",Création/Modification,"Champ existant",Fonction,Title,
"Date de création","Devis (Opportunités) - Codial vers Salesforce","Codial => Salesforce",DATE_CREATION,,false,,"✅ Oui",Création/Modification,"Champ existant","Date de création",CreatedDate,
"Date de création","Contacts - Codial vers Salesforce","Codial => Salesforce",DATE_CREATION,,false,,"✅ Oui",Création,"Champ existant","Date de création",CreatedDate,
"Devis Codial External Id","Devis (Opportunités) - Codial vers Salesforce","Codial => Salesforce",IDCOD_PROJET,,false,,"✅ Oui",Création,"Champ à créer","Identifiant du projet",Devis_Codial_External_Id,
"ID de l'affaire","Devis (Opportunités) - Codial vers Salesforce","Codial => Salesforce",,,false,,"❌ Non",Création/Modification,"Champ existant","Affaire Salesforce external Id",Id,
"ID du compte","Devis (Opportunités) - Codial vers Salesforce","Codial => Salesforce",CODE,,false,,"✅ Oui",Création/Modification,"Champ existant","Code client",AccountId,
"Nom du devis","Devis (Opportunités) - Codial vers Salesforce","Codial => Salesforce",SUJET,,false,,"✅ Oui",Création/Modification,"Champ existant",Sujet,"Nom du devis adlucem®",
Description,"Devis (Opportunités) - Codial vers Salesforce","Codial => Salesforce",DESCRIP1,,false,,"✅ Oui",Création/Modification,"Champ existant",Description,Description,
Étape,"Devis (Opportunités) - Codial vers Salesforce",,,,false,,"❌ Non",,,,StageName,
Montant,"Devis (Opportunités) - Codial vers Salesforce","Codial => Salesforce",TOTAL,,false,,"✅ Oui",Création/Modification,"Champ existant",Total,Amount,
"Probabilité (%)","Devis (Opportunités) - Codial vers Salesforce",,,,false,,"❌ Non",,,,Probability,
"Date d'exécution","Devis (Opportunités) - Codial vers Salesforce","Codial => Salesforce",DRELANCE,,false,,"✅ Oui",Création/Modification,"Champ existant","Date relance",CloseDate,
"Étape suivante","Devis (Opportunités) - Codial vers Salesforce",,,,false,,"❌ Non",,,,NextStep,
"Source d'origine","Devis (Opportunités) - Codial vers Salesforce",,,,false,,"❌ Non",,,,LeadSource,
Fermée,"Devis (Opportunités) - Codial vers Salesforce",,INT_TERMINE,,false,,"❌ Non",,,"Projet clos",IsClosed,
"Adresse du projet (Code postal)","Projet - Salesforce vers Codial","Salesforce => Codial",Adresse_du_projet__PostalCode__s,Text,false,,"✅ Oui",Création/Modification,"Champ existant",CP,COP_CHANTIER,
"Adresse du projet (Rue)","Projet - Salesforce vers Codial","Salesforce => Codial",Adresse_du_projet__Street__s,"Text Area",false,,"✅ Oui",Création/Modification,"Champ existant",ADRESSE,ADRESSE,
"ID du compte","Comptes-Salesforce vers Codial","Salesforce => Codial",Id,id,true,,"✅ Oui",Création,"Champ à créer","Compte Salesforce external Id",,
"Exclusif AdLucem","Comptes-Salesforce vers Codial",,Exclusif_AdLucem__c,Picklist,false,,"❌ Non",,"Champ à créer",,,
"Mode de règlement","Comptes-Salesforce vers Codial",,Mode_de_reglement__c,Picklist,false,VIR;VIR30M;LD30M;VIR60M;VIRE;VIR45M;CB;VIR45F;LD45M;CH30M;VLD50;V60M;V60F;CH40M;V30V45;V30EXP;LD60M;LD40M;L15M,"❌ Non",,"Champ existant","Mode de règlement",RGLT,
"Libellé banque","Comptes-Salesforce vers Codial",,Libelle_banque__c,Text,false,,"❌ Non",,"Champ existant",Domiciliation,TE11,
"Établissement bancaire","Comptes-Salesforce vers Codial",,Etablissement_bancaire__c,Text,false,,"❌ Non",,,,,
RIB,"Comptes-Salesforce vers Codial",,RIB__c,Text,false,,"❌ Non",,,,,
IBAN,"Comptes-Salesforce vers Codial",,IBAN__c,Text,false,,"❌ Non",,"Champ existant",IBAN,IBAN,
BIC,"Comptes-Salesforce vers Codial",,BIC__c,Text,false,,"❌ Non",,"Champ existant",BIC,BIC,
SIREN,"Comptes-Salesforce vers Codial",,SIREN__c,Text,false,,"❌ Non",,"Champ existant",SIREN,IL_SIREN,
NIC,"Comptes-Salesforce vers Codial",,NIC__c,Text,false,,"❌ Non",,,,,
SIRET,"Comptes-Salesforce vers Codial",,SIRET__c,Text,false,,"❌ Non",,"Champ existant",SIRET,SIRET,
"Code NAF","Comptes-Salesforce vers Codial",,Code_NAF__c,Text,false,,"❌ Non",,"Champ existant","Code NAF",CODE_NAF,
"N°de TVA intracommunautaire","Comptes-Salesforce vers Codial",,N_de_TVA_intracommunautaire__c,Text,false,,"❌ Non",,"Champ existant","N° TVA Intracommunautaire",NINTRACOM,
Classification,"Comptes-Salesforce vers Codial",,Classification__c,Picklist,false,Artisan;EA;Entreprise,"❌ Non",,"Champ à créer",,,
"Adresse expédition 2 (Rue)","Comptes-Salesforce vers Codial",,Adresse_expedition_2__Street__s,"Text Area",false,,"❌ Non",,"Champ à créer",,,
"Code (tiers)","Comptes-Salesforce vers Codial",,Code_tiers__c,Text,false,,"❌ Non",,,,,
"Adresse expédition 2 (Ville)","Comptes-Salesforce vers Codial",,Adresse_expedition_2__City__s,Text,false,,"❌ Non",,"Champ à créer",,,
"Adresse expédition 2 (Code postal)","Comptes-Salesforce vers Codial",,Adresse_expedition_2__PostalCode__s,Text,false,,"❌ Non",,"Champ à créer",,,
"Adresse expédition 2 (Région/Province)","Comptes-Salesforce vers Codial",,Adresse_expedition_2__StateCode__s,Picklist,false,,"❌ Non",,"Champ à créer",,,
"Adresse expédition 2 (Pays/territoire)","Comptes-Salesforce vers Codial",,Adresse_expedition_2__CountryCode__s,Picklist,false,,"❌ Non",,"Champ à créer",,,
"Adresse expédition 2 (Latitude)","Comptes-Salesforce vers Codial",,Adresse_expedition_2__Latitude__s,"Number (3, 15)",false,,"❌ Non",,"Champ à créer",,,
"Adresse expédition 2 (Longitude)","Comptes-Salesforce vers Codial",,Adresse_expedition_2__Longitude__s,"Number (3, 15)",false,,"❌ Non",,"Champ à créer",,,
"Adresse expédition 2 (Précision du géocodage)","Comptes-Salesforce vers Codial",,Adresse_expedition_2__GeocodeAccuracy__s,Picklist,false,Address;NearAddress;Block;Street;ExtendedZip;Zip;Neighborhood;City;County;State;Unknown,"❌ Non",,"Champ à créer",,,
"Adresse expédition 2","Comptes-Salesforce vers Codial",,Adresse_expedition_2__c,Address,false,,"❌ Non",,"Champ à créer",,,
"Adresse expédition 3 (Rue)","Comptes-Salesforce vers Codial",,Adresse_expedition_3__Street__s,"Text Area",false,,"❌ Non",,"Champ à créer",,,
"Adresse expédition 3 (Ville)","Comptes-Salesforce vers Codial",,Adresse_expedition_3__City__s,Text,false,,"❌ Non",,"Champ à créer",,,
"Adresse expédition 3 (Code postal)","Comptes-Salesforce vers Codial",,Adresse_expedition_3__PostalCode__s,Text,false,,"❌ Non",,"Champ à créer",,,
"Adresse expédition 3 (Région/Province)","Comptes-Salesforce vers Codial",,Adresse_expedition_3__StateCode__s,Picklist,false,,"❌ Non",,"Champ à créer",,,
"Adresse expédition 3 (Pays/territoire)","Comptes-Salesforce vers Codial",,Adresse_expedition_3__CountryCode__s,Picklist,false,,"❌ Non",,"Champ à créer",,,
"Nom d'expédition","Comptes-Salesforce vers Codial",,Nom_d_expedition__c,Text,false,,"❌ Non",,,,,
"Appartenance client","Comptes-Salesforce vers Codial",,Appartenance_client__c,Picklist,false,"AdLucem®;AdLucem Création®","❌ Non",,,,,
"Adresse expédition 3 (Longitude)","Comptes-Salesforce vers Codial",,Adresse_expedition_3__Longitude__s,"Number (3, 15)",false,,"❌ Non",,"Champ à créer",,,
"Pays d'expédition","Comptes-Salesforce vers Codial","Salesforce => Codial",ShippingCountry,Text,false,,"❌ Non",Création,"Champ existant","Pays d'expédition",CODE_PAYS_LIV,
"Nom du compte","Comptes-Salesforce vers Codial","Salesforce => Codial",Name,Text,true,,"✅ Oui",Création,"Champ existant",Nom,,
"Type du compte","Comptes-Salesforce vers Codial","Salesforce => Codial",Type,Picklist,false,Prospect;Prescripteur;Applicateur;Client;Fournisseur;Autre,"❌ Non",,,,,
"Adresse de facturation","Comptes-Salesforce vers Codial","Salesforce => Codial",BillingAddress,Address,false,,"❌ Non",Création,"Champ existant","Adresse Facturation",ADRESSE1,
"Rue de facturation","Comptes-Salesforce vers Codial","Salesforce => Codial",BillingStreet,"Text Area",false,,"✅ Oui",Création,"Champ existant",,adresse_facturation,
"Ville de facturation","Comptes-Salesforce vers Codial","Salesforce => Codial",BillingCity,Text,false,,"✅ Oui",Création,"Champ existant","Ville de facturation",VILLE,
"Code postal de facturation","Comptes-Salesforce vers Codial","Salesforce => Codial",BillingPostalCode,Text,false,,"✅ Oui",Création,"Champ existant","Code postal facturation",COP,
"Pays de facturation","Comptes-Salesforce vers Codial","Salesforce => Codial",BillingCountry,Text,false,,"✅ Oui",Création,"Champ existant","Pays de facturation",CODE_PAYS_FACT,
"Latitude de l'adresse de facturation","Comptes-Salesforce vers Codial","Salesforce => Codial",BillingLatitude,"Number (3, 15)",false,,"❌ Non",Création,"Champ existant",Latitude,LATITUDE,
"Longitude de l'adresse de facturation","Comptes-Salesforce vers Codial","Salesforce => Codial",BillingLongitude,"Number (3, 15)",false,,"❌ Non",Création,"Champ existant",Longitude,LONGITUDE,
"Rue d'expédition","Comptes-Salesforce vers Codial","Salesforce => Codial",ShippingStreet,"Text Area",false,,"❌ Non",Création,"Champ existant",,,
"Adresse d'expédition","Comptes-Salesforce vers Codial","Salesforce => Codial",ShippingAddress,Address,false,,"❌ Non",Création,"Champ existant","Adresse livraison",TE5,
"Ville d'expédition","Comptes-Salesforce vers Codial","Salesforce => Codial",ShippingCity,Text,false,,"❌ Non",Création,"Champ existant","Ville de livraison",TE7,
"Code postal d'expédition","Comptes-Salesforce vers Codial","Salesforce => Codial",ShippingPostalCode,Text,false,,"❌ Non",Création,"Champ existant","Code postal livraison",TE10,
"N° de téléphone du compte","Comptes-Salesforce vers Codial","Salesforce => Codial",Phone,Phone,false,,"✅ Oui",Création,"Champ existant",Téléphone,TEL,
"Produits utilisés","Comptes-Salesforce vers Codial",,Produits_utilises__c,"Picklist (Multi-Select)",false,LucemChoc®;Terrazzo,"❌ Non",,,,,
"Site Web","Comptes-Salesforce vers Codial","Salesforce => Codial",Website,URL,false,,"✅ Oui",Création,"Champ existant",Site,SITE_WEB,
Métier,"Comptes-Salesforce vers Codial","Salesforce => Codial",Industry,Picklist,false,"Agenceur;Architecte;Carreleur;Chapiste;Cuisiniste;Décorateur;Économiste;Entreprise générale (TCE);Maçon;Maître d'Oeuvre;Marbrier;Peintre;Ponçeur;Résineux;Solier;Autre","✅ Oui",Création/Modification,"Champ existant","Branche d'activité",METIER,
Commentaires,"Comptes-Salesforce vers Codial","Salesforce => Codial",Description,"Long Text Area",false,,"❌ Non",Création/Modification,"Champ existant",Commentaire,COMM,
"Date de création","Comptes-Salesforce vers Codial","Salesforce => Codial",CreatedDate,Date/Time,true,,"❌ Non",Création,"Champ existant","Date de création",DATE_CREATION,
"Source du compte","Comptes-Salesforce vers Codial",,AccountSource,Picklist,false,"Site Web AdLucem 🌐;Référence Client Existant 🗣️;Campagne Marketing Digital 📈;Prospection Directe 📞;Événement Professionnel 🎪;Réseaux Sociaux📱;Prescription/Influenceur ✨;Achat de Fichier 📊","❌ Non",,,,,
"Montant total du CA","Comptes-Salesforce vers Codial",,Montant_total_du_CA__c,"Roll-Up Summary",false,,"❌ Non",,,,,
"Litige sur commande ?","Comptes-Salesforce vers Codial",,Litige_sur_commande__c,Picklist,false,Oui;Non,"❌ Non",Création/Modification,"Champ à créer",,,"inutile lors de la création du prospect"
"Scoring compte","Comptes-Salesforce vers Codial",,Scoring_compte2__c,"Formula (Text)",false,,"❌ Non",Création/Modification,"Champ à créer",,,"inutile lors de la création du prospect"
"Statut du compte","Comptes-Salesforce vers Codial",,Statut_du_compte__c,Picklist,false,"Actif;En sommeil;Défaut de paiement;Partiellement bloqué;Bloqué","❌ Non",,,,,
"Type d'agrément","Comptes-Salesforce vers Codial",,Type_d_agrement__c,"Picklist (Multi-Select)",false,"Béton ciré;Terrazzo","❌ Non",,,,,
"Couverture SFAC AdLucem® Matières","Comptes-Salesforce vers Codial",,Couverture_SFAC_Matieres__c,Currency,false,,"❌ Non",,,,,
"Encours client AdLucem® Matières","Comptes-Salesforce vers Codial",,Encours_client_Matieres__c,Currency,false,,"❌ Non",,,,,
"État encours client AdLucem® Matières","Comptes-Salesforce vers Codial",,Etat_encours_client_Matieres__c,"Formula (Text)",false,,"❌ Non",,,,,
"Adresse expédition 3 (Latitude)","Comptes-Salesforce vers Codial",,Adresse_expedition_3__Latitude__s,"Number (3, 15)",false,,"❌ Non",,"Champ à créer",,,
"Adresse expédition 3 (Précision du géocodage)","Comptes-Salesforce vers Codial",,Adresse_expedition_3__GeocodeAccuracy__s,Picklist,false,Address;NearAddress;Block;Street;ExtendedZip;Zip;Neighborhood;City;County;State;Unknown,"❌ Non",,"Champ à créer",,,
"Date de création","Projet - Salesforce vers Codial","Salesforce => Codial",CreatedDate,Date/Time,true,,"✅ Oui",Création,"Champ existant","Date Création",DATE_CREATION,
"Date d'expiration","Devis (Opportunités) - Salesforce vers Codial","Salesforce => Codial",Date_d_expiration__c,Date,false,,"❌ Non",,,,,
"Source d'origine","Devis (Opportunités) - Salesforce vers Codial","Salesforce => Codial",LeadSource,Picklist,false,,"❌ Non",Création/Modification,"Champ à créer",,,
Fermée,"Devis (Opportunités) - Salesforce vers Codial","Salesforce => Codial",IsClosed,Checkbox,false,,"❌ Non",Modification,"Champ existant","Projet clos",INT_TERMINE,
"Date de création","Devis (Opportunités) - Salesforce vers Codial","Salesforce => Codial",CreatedDate,Date/Time,true,,"❌ Non",Création,"Champ existant","Date de création",DATE_CREATION,
Compléxité,"Devis (Opportunités) - Salesforce vers Codial","Salesforce => Codial",Complexite__c,Picklist,false,"🔺 Forte;🔹 Faible","❌ Non",,,,,
"Projet ferme ?","Devis (Opportunités) - Salesforce vers Codial","Salesforce => Codial",Chantier_ferme__c,Picklist,false,"Projet;Chantier ferme","❌ Non",Création/Modification,,,,
"Statut devis","Devis (Opportunités) - Salesforce vers Codial","Salesforce => Codial",Statut_devis__c,Picklist,false,"Devis en cours;Devis transformé;Devis perdu;Bon de commande;Bon de livraison;Facturé","❌ Non",,,,,
"Générer opportunité ""Matières"" ?","Devis (Opportunités) - Salesforce vers Codial","Salesforce => Codial",G_n_rer_opportunit_Mati_res__c,Picklist,false,Oui;Non,"❌ Non",,,,,
"Motif de la perte","Devis (Opportunités) - Salesforce vers Codial","Salesforce => Codial",Motif_de_la_perte__c,Picklist,false,"Remporté par la concurrence;Problème de budget;Abandon du projet;Problème de prix;Autre","❌ Non",Création/Modification,"Champ à créer",,,
"N°Devis CODIAL","Devis (Opportunités) - Salesforce vers Codial","Salesforce => Codial",N_Devis_EBP__c,Text,false,,"❌ Non",,"Champ à créer","Document principal",NUMCOM,
"Projet associé","Devis (Opportunités) - Salesforce vers Codial","Salesforce => Codial",Chantier_associe__c,"Lookup (Projet)",false,,"✅ Oui",Création/Modification,"Champ existant",,,
"Lien du devis CODIAL","Devis (Opportunités) - Salesforce vers Codial","Salesforce => Codial",Lien_du_devis_EBP__c,URL,false,,"❌ Non",,,"A voir si on peut récupérer url ou pdf ?",,
"Conditions de facturation","Devis (Opportunités) - Salesforce vers Codial","Salesforce => Codial",Conditions_de_facturation__c,"Long Text Area",false,,"❌ Non",,,,,
Commentaires,"Devis (Opportunités) - Salesforce vers Codial","Salesforce => Codial",Commentaires__c,"Long Text Area",false,,"❌ Non",Création/Modification,"Champ à créer",,,
"Date d'exécution","Devis (Opportunités) - Salesforce vers Codial","Salesforce => Codial",CloseDate,Date,true,,"❌ Non",Création/Modification,"Champ à créer",,DRELANCE,
"Zone d'application","Devis (Opportunités) - Salesforce vers Codial","Salesforce => Codial",Zone_d_application__c,Picklist,false,"Sol;Mur;Les 2","❌ Non",Création/Modification,"Champ à créer",,,
"Type de création","Devis (Opportunités) - Salesforce vers Codial","Salesforce => Codial",Type_de_creation__c,"Picklist (Multi-Select)",false,"Marches;Mobiliers;Conception / Réalisation;Plaques;Plateaux_Plans_de_travail;Plinthes;Sanitaires","❌ Non",Création/Modification,"Champ à créer",,,
"Apporteur d'affaires","Devis (Opportunités) - Salesforce vers Codial","Salesforce => Codial",Apporteur_d_affaires__c,"Lookup (Compte)",false,,"❌ Non",,,Commercial,CODEREP,
"Adresse du projet (Rue)","Devis (Opportunités) - Salesforce vers Codial","Salesforce => Codial",Adresse_du_chantier__Street__s,"Text Area",false,,"✅ Oui",Création/Modification,"Champ existant",Adresse,ADRESSE,
"Adresse du projet (Ville)","Devis (Opportunités) - Salesforce vers Codial","Salesforce => Codial",Adresse_du_chantier__City__s,Text,false,,"✅ Oui",Création/Modification,"Champ existant",Ville,VILLE_CHANTIER,
"Adresse du projet (Code postal)","Devis (Opportunités) - Salesforce vers Codial","Salesforce => Codial",Adresse_du_chantier__PostalCode__s,Text,false,,"✅ Oui",Création/Modification,"Champ existant","Code postal",COP_CHANTIER,
"Adresse du projet","Devis (Opportunités) - Salesforce vers Codial","Salesforce => Codial",Adresse_du_chantier__c,Address,false,,"❌ Non",,,Adresse,ADRESSE1_CHANTIER,
"Statut du chantier","Devis (Opportunités) - Salesforce vers Codial","Salesforce => Codial",Statut_du_chantier__c,Picklist,false,"🔎 Étude;🚧 En cours;✅ Réalisé","❌ Non",,,,,
"Type de Terrazzo","Devis (Opportunités) - Salesforce vers Codial","Salesforce => Codial",Type_de_Terrazzo__c,"Picklist (Multi-Select)",false,LucemStone®;LucemStar®;LucemGlass®;LucemChoc®,"❌ Non",,,,,
Pôle,"Devis (Opportunités) - Salesforce vers Codial","Salesforce => Codial",Pole__c,Picklist,false,"Création;Matières;Les 2","❌ Non",,,,,
"Matières concernées","Devis (Opportunités) - Salesforce vers Codial","Salesforce => Codial",Matieres_concernees__c,Picklist,false,"Béton ciré;Terrazzo;Les 2","❌ Non",,,,,
"ID d'enregistrement","Projet - Salesforce vers Codial","Salesforce => Codial",Id,id,true,,"✅ Oui",Création,"Champ à créer","Salesforce Projet External Id",Salesforce_Projet_External_Id,
"Nom du projet","Projet - Salesforce vers Codial","Salesforce => Codial",Name,Text,false,,"✅ Oui",Création/Modification,"Champ existant",Nom,NOM,
"Étape suivante","Devis (Opportunités) - Salesforce vers Codial","Salesforce => Codial",NextStep,Text,false,,"❌ Non",Création/Modification,"Champ à créer",,,
"Probabilité (%)","Devis (Opportunités) - Salesforce vers Codial","Salesforce => Codial",Probability,Percent,false,,"❌ Non",,,,,
"Adresse expédition 3","Comptes-Salesforce vers Codial",,Adresse_expedition_3__c,Address,false,,"❌ Non",,"Champ à créer",,,
Région/Province,"Contacts - Salesforce vers Codial","Salesforce => Codial",MailingState,Text,false,,"❌ Non",Création/Modification,"Champ à créer",,,
"Niveau d'agrément","Comptes-Salesforce vers Codial",,Niveau_d_agrement__c,"Picklist (Multi-Select)",false,LucemChoc®;LucemStone®,"❌ Non",,"Champ à créer",,,
"Niveau de formation","Comptes-Salesforce vers Codial","Salesforce => Codial",Niveau_de_formation__c,"Picklist (Multi-Select)",false,LucemChoc®;LucemStone®,"✅ Oui",,"Champ existant",,"FP CLIENT",
"Système appliqué","Comptes-Salesforce vers Codial",,Systeme_applique__c,"Picklist (Multi-Select)",false,LucemChoc®;LucemStone®,"❌ Non",,"Champ à créer",,,
"Salesforce ExternalId","Contacts - Salesforce vers Codial","Salesforce => Codial",,,false,,"❌ Non",,,,,
"ID du contact","Contacts - Salesforce vers Codial","Salesforce => Codial",Id,id,true,,"✅ Oui",Création/Modification,"Champ à créer","Salesforce Contact External Id",Salesforce_Contact_External_Id,
"Codial Contact ExternalId","Contacts - Salesforce vers Codial","Salesforce => Codial",Codial_Contact_External_Id,,false,,"✅ Oui",Création/Modification,"Champ existant","Id contact",ID_CONTACT,
"ID du compte","Contacts - Salesforce vers Codial","Salesforce => Codial",AccountId,"Lookup (Compte)",false,,"✅ Oui",Création/Modification,"Champ existant",,CODE,
Nom,"Contacts - Salesforce vers Codial","Salesforce => Codial",LastName,Text,true,,"✅ Oui",Création/Modification,"Champ existant","Nom contact",NOM_CONTACT,
Prénom,"Contacts - Salesforce vers Codial","Salesforce => Codial",FirstName,Text,false,,"✅ Oui",Création/Modification,"Champ existant","Nom contact",NOM_CONTACT,
Civilité,"Contacts - Salesforce vers Codial","Salesforce => Codial",Salutation,Picklist,false,Mr.;Mme,"✅ Oui",Création/Modification,"Champ existant",Civilité,CIVILITE_CONTACT,
"Nom complet","Contacts - Salesforce vers Codial","Salesforce => Codial",Name,Text,true,,"✅ Oui",Création/Modification,"Champ existant","Nom contact",NOM_CONTACT,
Rue,"Contacts - Salesforce vers Codial","Salesforce => Codial",MailingStreet,"Text Area",false,,"❌ Non",Création/Modification,"Champ à créer",,,
Ville,"Contacts - Salesforce vers Codial","Salesforce => Codial",MailingCity,Text,false,,"❌ Non",Création/Modification,"Champ à créer",,,
"Code postal","Contacts - Salesforce vers Codial","Salesforce => Codial",MailingPostalCode,Text,false,,"❌ Non",Création/Modification,"Champ à créer",,,
Montant,"Devis (Opportunités) - Salesforce vers Codial","Salesforce => Codial",Amount,Currency,false,,"❌ Non",Création/Modification,"Champ existant",,TOTAL,
Pays,"Contacts - Salesforce vers Codial","Salesforce => Codial",MailingCountry,Text,false,,"❌ Non",Création/Modification,"Champ à créer",,,
"Téléphone (bureau)","Contacts - Salesforce vers Codial","Salesforce => Codial",Phone,Phone,false,,"✅ Oui",Création/Modification,"Champ existant",Téléphone,TEL_CONTACT,
"Télécopie (bureau)","Contacts - Salesforce vers Codial","Salesforce => Codial",Fax,Phone,false,,"✅ Oui",Création/Modification,"Champ existant",Fax,FAX_CONTACT,
"Téléphone mobile","Contacts - Salesforce vers Codial","Salesforce => Codial",MobilePhone,Phone,false,,"✅ Oui",Création/Modification,"Champ existant",Portable,PORT_CONTACT,
"Adresse e-mail","Contacts - Salesforce vers Codial","Salesforce => Codial",Email,Email,false,,"✅ Oui",Création/Modification,"Champ existant",Email,EMAIL_CONTACT,
Fonction,"Contacts - Salesforce vers Codial","Salesforce => Codial",Title,Text,false,,"✅ Oui",Création/Modification,"Champ existant",Fonction,FONCTION_CONTACT,
"Date de création","Contacts - Salesforce vers Codial","Salesforce => Codial",CreatedDate,Date/Time,true,,"✅ Oui",Création,"Champ existant","Date de création",DATE_CREATION,
"Devis Codial External Id","Devis (Opportunités) - Salesforce vers Codial","Salesforce => Codial",Devis_Codial_External_Id,,false,,"✅ Oui",Création/Modification,"Champ existant","Identifiant du projet",IDCOD_PROJET,
"ID de devis adlucem®","Devis (Opportunités) - Salesforce vers Codial","Salesforce => Codial",Id,id,true,,"✅ Oui",Création,"Champ à créer","Devis Salesforce External Id",Devis_Salesforce_External_Id,
"ID du compte","Devis (Opportunités) - Salesforce vers Codial","Salesforce => Codial",AccountId,"Lookup (Compte)",false,,"✅ Oui",Création/Modification,"Champ existant","Code client",CODE,
"Nom du devis adlucem®","Devis (Opportunités) - Salesforce vers Codial","Salesforce => Codial",Name,Text,true,,"✅ Oui",Création/Modification,"Champ existant",Nom,SUJET,
Description,"Devis (Opportunités) - Salesforce vers Codial","Salesforce => Codial",Description,"Long Text Area",false,,"✅ Oui",Création/Modification,"Champ existant",Description,DESCRIPTION,
Étape,"Devis (Opportunités) - Salesforce vers Codial","Salesforce => Codial",StageName,Picklist,true,"Demande;Qualification;Bureau d'études;Étude (maitrise d'oeuvre);Devis;Suivi / Relance;Opportunité gagnée;Opportunité perdue","❌ Non",Création/Modification,"Champ à créer",,,
"Descriptif du projet","Projet - Codial vers Salesforce","Codial => Salesforce",DESCRIPTION,,false,,"✅ Oui",Création/Modification,"Champ existant",DESCRIPTION,Descriptif_du_projet__c,
